{
   "dashboards": [{
      "autoswitchEnabled": false,
      "columnCount": 1,
      "columnProportion": "1",
      "creationTime": 1568066768323,
      "dashboardNavigations": {},
      "description": "",
      "disabled": false,
      "gridsterMaxColumns": 12,
      "hidden": false,
      "homeTab": false,
      "id": "ca7418e2-abd4-4130-82e2-ebbf5b23849f",
      "importAttempts": 0,
      "importComplete": true,
      "isDefault": false,
      "locked": false,
      "name": "VM Created in the last 7 days",
      "rank": 78,
      "shared": false,
      "states": [],
      "temporary": false,
      "userId": "f02e7b8a-50f9-492c-91ea-dec77f1ce84b",
      "widgetInteractions": [],
      "widgets": [{
         "collapsed": false,
         "config": {
            "chartViewItems": [],
            "isUpdatedView": true,
            "refreshContent": {"refreshContent": false},
            "refreshInterval": 300,
            "resource": {
               "id": "Ext.vcops.chrome.model.Resource-1",
               "resourceId": "resource:id:0_::_",
               "resourceKindId": "002006VMWAREvSphere World",
               "resourceName": "vSphere World",
               "traversalSpecId": ""
            },
            "selectFirstRow": {"selectFirstRow": false},
            "selfProvider": {"selfProvider": true},
            "title": "VM List Created in the last 7 days",
            "traversalSpecId": null,
            "viewDefinitionId": "efa1fb30-7648-490c-a962-84e266de086a"
         },
         "gridsterCoords": {
            "h": 14,
            "w": 12,
            "x": 1,
            "y": 1
         },
         "height": 780,
         "id": "8f99a9cd-b902-4823-ad09-f41c790ef7d1",
         "title": "VM List Created in the last 7 days",
         "type": "View"
      }]
   }],
   "entries": {"resource": [{
      "adapterKindKey": "VMWARE",
      "identifiers": [],
      "internalId": "resource:id:0_::_",
      "name": "vSphere World",
      "resourceKindKey": "vSphere World"
   }]},
   "uuid": "73ea3be6-0aa7-40fd-93c4-ba61ae5ff412"
}